{"times": [0.0, 0.015625, 0.03125, 0.046875, 0.0625, 0.078125, 0.09375, 0.109375, 0.125, 0.140625, 0.15625, 0.171875, 0.1875, 0.203125, 0.21875, 0.234375, 0.25, 0.265625, 0.28125, 0.296875, 0.3125, 0.328125, 0.34375, 0.359375, 0.375, 0.390625, 0.40625, 0.421875, 0.4375, 0.453125, 0.46875, 0.484375, 0.5, 0.515625, 0.53125, 0.546875, 0.5625, 0.578125, 0.59375, 0.609375, 0.625, 0.640625, 0.65625, 0.671875, 0.6875, 0.703125, 0.71875, 0.734375, 0.75, 0.765625, 0.78125, 0.796875, 0.8125, 0.828125, 0.84375, 0.859375, 0.875, 0.890625, 0.90625, 0.921875, 0.9375, 0.953125, 0.96875, 0.984375, 1.0], "periodic_signal": [0.25, 0.42564057191093124, 0.5279577250917646, 0.5372713459436922, 0.47835429045636224, 0.40751267426006943, 0.3817976525155701, 0.42815575230882763, 0.5303300858899106, 0.6409184849239666, 0.7112732922017376, 0.7215134303286241, 0.6929096493834651, 0.6752993747432062, 0.7168927221483299, 0.8342252097102626, 0.9999999999999998, 1.156144243634131, 1.244677838658131, 1.2385812967212115, 1.1548494156391085, 1.0423290983680857, 0.9516659324033532, 0.9051024218015072, 0.8838834764831845, 0.8406308160184635, 0.7293428135236342, 0.5352807993919264, 0.28701257427381754, 0.04329800856523276, -0.13777708105950767, -0.2296062912518099, -0.25, -0.24886387661429432, -0.27795772509176475, -0.3604946506470549, -0.47835429045636224, -0.5842893695567062, -0.6317976525155702, -0.6049324476054645, -0.5303300858899106, -0.4641417896273298, -0.46127329220173763, -0.544736735031987, -0.6929096493834641, -0.8520760700398428, -0.9668927221483297, -1.0110019050068992, -1.0, -0.9793675483374942, -0.9946778386581312, -1.0618046014245746, -1.1548494156391085, -1.2191057936647227, -1.201665932403353, -1.081879117098144, -0.8838834764831851, -0.6638541207218271, -0.4793428135236343, -0.3585041040952893, -0.28701257427381777, -0.2200747038618694, -0.1122229189404925, 0.052829595955173225, 0.2499999999999995], "decaying_signal": [1.0000000000002216, 0.9542066659700162, 0.9105103613830311, 0.8688150562733582, 0.829029118216158, 0.7910651109681529, 0.7548396023655116, 0.7202729811212106, 0.6872892822894953, 0.6558160214476767, 0.6257840382934124, 0.5971273518131569, 0.5697830323435996, 0.5436911024389831, 0.5187944915461004, 0.4950390941853671, 0.47237402541027707, 0.450752241263219, 0.43013180755317176, 0.41047826632502904, 0.3917687629037006, 0.373998828707498, 0.3571928940050853, 0.3414195989591268, 0.3268125870953968, 0.3135964736500294, 0.30211588910162546, 0.2928628709084714, 0.28649469155226215, 0.28383119018690656, 0.28581900855787074, 0.2934512997389499, 0.3076368178514629, 0.32902236007772967, 0.35778641921820376, 0.3934368792224837, 0.4346572942069425, 0.4792497691882825, 0.5242137993990827, 0.5659786040440636, 0.6007746252521134, 0.6250951527911912, 0.636171092526557, 0.6323698016765791, 0.6134379714902097, 0.5805380143670654, 0.5360702738035158, 0.483318298991693, 0.4259894187768415, 0.36773912336483244, 0.31176239629159574, 0.2605115938716095, 0.21556690453862642, 0.1776516384032977, 0.1467588640346689, 0.12234278646916859, 0.10352801904530959, 0.08929940445664665, 0.07864946810122653, 0.07067523185234834, 0.06462764141452187, 0.05992377244218519, 0.05613441473100754, 0.052958743190207554, 0.050195062285400015], "piecewise_signal": [-0.2281576374629646, -0.2281576374629646, -0.2281576374629646, -0.2281576374629646, -0.2281576374629646, -0.2281576374629646, -0.2281576374629646, -0.2281576374629646, -0.5251249063791533, -0.5251249063791533, -0.5251249063791533, -0.5251249063791533, -0.5251249063791533, -0.5251249063791533, -0.5251249063791533, -0.5251249063791533, -0.5251249063791533, -0.5251249063791533, -0.5251249063791533, -0.5251249063791533, -0.5251249063791533, -0.5251249063791533, 0.2650601926321118, 0.2650601926321118, 0.2650601926321118, 0.2650601926321118, 0.9472385550999572, 0.9472385550999572, 0.9472385550999572, 0.9472385550999572, 0.9472385550999572, 0.9472385550999572, -0.19281995184601286, -0.19281995184601286, -0.19281995184601286, -0.19281995184601286, -0.19281995184601286, -0.19281995184601286, -0.19281995184601286, 0.6590560857914379, 0.6590560857914379, 0.6590560857914379, 0.6590560857914379, -0.556498940986495, -0.556498940986495, -0.556498940986495, -0.556498940986495, -0.556498940986495, -0.556498940986495, -0.556498940986495, -0.556498940986495, -0.556498940986495, -0.556498940986495, -0.556498940986495, -0.556498940986495, -0.556498940986495, -0.556498940986495, -0.556498940986495, -0.4176769226964071, -0.4176769226964071, -0.4176769226964071, -0.4176769226964071, -0.4176769226964071, -0.4176769226964071, 0.0]}